symbol,name,status,source,source_period,source_checked_at,source_url,notes
1120,AL RAJHI BANK,allowed,Al Rajhi Capital Shariah Group,Q1-2026,2026-09-01,https://alrajhi-capital.sa/shariah-group/about-us-guidelines,Verified against the currently published compliant list
1150,ALINMA BANK,allowed,Al Rajhi Capital Shariah Group,Q1-2026,2026-09-01,https://alrajhi-capital.sa/shariah-group/about-us-guidelines,Verified against the currently published compliant list
1211,MAADEN,allowed,Al Rajhi Capital Shariah Group,Q1-2026,2026-09-01,https://alrajhi-capital.sa/shariah-group/about-us-guidelines,Verified against the currently published compliant list
2010,SAUDI BASIC INDUSTRIES CORP,allowed,Al Rajhi Capital Shariah Group,Q1-2026,2026-09-01,https://alrajhi-capital.sa/shariah-group/about-us-guidelines,Verified against the currently published compliant list
2020,SABIC Agri-Nutrients,allowed,Al Rajhi Capital Shariah Group,Q1-2026,2026-09-01,https://alrajhi-capital.sa/shariah-group/about-us-guidelines,Verified against the currently published compliant list
2222,Saudi ARAMCO,allowed,Al Rajhi Capital Shariah Group,Q1-2026,2026-09-01,https://alrajhi-capital.sa/shariah-group/about-us-guidelines,Verified against the currently published compliant list
2280,ALMARAI,allowed,Al Rajhi Capital Shariah Group,Q1-2026,2026-09-01,https://alrajhi-capital.sa/shariah-group/about-us-guidelines,Verified against the currently published compliant list
7010,STC,allowed,Al Rajhi Capital Shariah Group,Q1-2026,2026-09-01,https://alrajhi-capital.sa/shariah-group/about-us-guidelines,Verified against the currently published compliant list
7020,ETIHAD ETISALAT CO,allowed,Al Rajhi Capital Shariah Group,Q1-2026,2026-09-01,https://alrajhi-capital.sa/shariah-group/about-us-guidelines,Verified against the currently published compliant list
